INSERT INTO users (user_id, name) VALUES (1, '유저2');
INSERT INTO users (user_id, name) VALUES (2, '유저2');
INSERT INTO users (user_id, name) VALUES (3, '유저3');
INSERT INTO users (user_id, name) VALUES (4, '유저4');
INSERT INTO users (user_id, name) VALUES (5, '유저5');
INSERT INTO users (user_id, name) VALUES (6, '유저6');
INSERT INTO users (user_id, name) VALUES (7, '유저7');
INSERT INTO users (user_id, name) VALUES (8, '유저8');
INSERT INTO users (user_id, name) VALUES (9, '유저9');
INSERT INTO users (user_id, name) VALUES (10, '유저10');
INSERT INTO users (user_id, name) VALUES (11, '유저11');
INSERT INTO users (user_id, name) VALUES (12, '유저12');
INSERT INTO users (user_id, name) VALUES (13, '유저13');
INSERT INTO users (user_id, name) VALUES (14, '유저14');
INSERT INTO users (user_id, name) VALUES (15, '유저15');
INSERT INTO users (user_id, name) VALUES (16, '유저16');
INSERT INTO users (user_id, name) VALUES (17, '유저17');
INSERT INTO users (user_id, name) VALUES (18, '유저18');
INSERT INTO users (user_id, name) VALUES (19, '유저19');
INSERT INTO users (user_id, name) VALUES (20, '유저20');
INSERT INTO users (user_id, name) VALUES (21, '유저21');
INSERT INTO users (user_id, name) VALUES (22, '유저22');
INSERT INTO users (user_id, name) VALUES (23, '유저23');
INSERT INTO users (user_id, name) VALUES (24, '유저24');
INSERT INTO users (user_id, name) VALUES (25, '유저25');
INSERT INTO users (user_id, name) VALUES (26, '유저26');
INSERT INTO users (user_id, name) VALUES (27, '유저27');
INSERT INTO users (user_id, name) VALUES (28, '유저28');
INSERT INTO users (user_id, name) VALUES (29, '유저29');
INSERT INTO users (user_id, name) VALUES (30, '유저30');
INSERT INTO users (user_id, name) VALUES (31, '유저31');
INSERT INTO users (user_id, name) VALUES (32, '유저32');
INSERT INTO users (user_id, name) VALUES (33, '유저33');
INSERT INTO users (user_id, name) VALUES (34, '유저34');
INSERT INTO users (user_id, name) VALUES (35, '유저35');
INSERT INTO users (user_id, name) VALUES (36, '유저36');
INSERT INTO users (user_id, name) VALUES (37, '유저37');
INSERT INTO users (user_id, name) VALUES (38, '유저38');
INSERT INTO users (user_id, name) VALUES (39, '유저39');
INSERT INTO users (user_id, name) VALUES (40, '유저40');

INSERT INTO course (course_id, instructor_name, course_name) VALUES (1, '강사1', '강의명1');
INSERT INTO course (course_id, instructor_name, course_name) VALUES (2, '강사2', '강의명2');
INSERT INTO course (course_id, instructor_name, course_name) VALUES (3, '강사3', '강의명3');
INSERT INTO course (course_id, instructor_name, course_name) VALUES (4, '강사4', '강의명4');
INSERT INTO course (course_id, instructor_name, course_name) VALUES (5, '강사5', '강의명5');

INSERT INTO course_detail (course_detail_id, course_id, enroll_start_date, enroll_end_date, enroll_count) VALUES (1, 1, '2024-10-02', '2024-10-10', 0);
INSERT INTO course_detail (course_detail_id, course_id, enroll_start_date, enroll_end_date, enroll_count) VALUES  (2, 1, '2024-10-02', '2024-10-10', 0);
INSERT INTO course_detail (course_detail_id, course_id, enroll_start_date, enroll_end_date, enroll_count) VALUES  (3, 1, '2024-10-02', '2024-10-10', 0);
INSERT INTO course_detail (course_detail_id, course_id, enroll_start_date, enroll_end_date, enroll_count) VALUES  (4, 1, '2024-10-02', '2024-10-10', 0);
INSERT INTO course_detail (course_detail_id, course_id, enroll_start_date, enroll_end_date, enroll_count) VALUES  (5, 1, '2024-10-06', '2024-10-11', 0);
INSERT INTO course_detail (course_detail_id, course_id, enroll_start_date, enroll_end_date, enroll_count) VALUES  (6, 2, '2024-10-06', '2024-10-11', 0);
INSERT INTO course_detail (course_detail_id, course_id, enroll_start_date, enroll_end_date, enroll_count) VALUES  (7, 2, '2024-10-06', '2024-10-11', 0);
INSERT INTO course_detail (course_detail_id, course_id, enroll_start_date, enroll_end_date, enroll_count) VALUES  (8, 2, '2024-10-06', '2024-10-11', 0);
INSERT INTO course_detail (course_detail_id, course_id, enroll_start_date, enroll_end_date, enroll_count) VALUES  (9, 2, '2024-10-04', '2024-10-11', 0);
INSERT INTO course_detail (course_detail_id, course_id, enroll_start_date, enroll_end_date, enroll_count) VALUES  (10, 2, '2024-10-04', '2024-10-11', 0);
INSERT INTO course_detail (course_detail_id, course_id, enroll_start_date, enroll_end_date, enroll_count) VALUES  (11, 3, '2024-10-04', '2024-10-11', 0);
INSERT INTO course_detail (course_detail_id, course_id, enroll_start_date, enroll_end_date, enroll_count) VALUES  (12, 3, '2024-10-04', '2024-10-11', 0);
INSERT INTO course_detail (course_detail_id, course_id, enroll_start_date, enroll_end_date, enroll_count) VALUES  (13, 3, '2024-10-09', '2024-10-22', 0);
INSERT INTO course_detail (course_detail_id, course_id, enroll_start_date, enroll_end_date, enroll_count) VALUES  (14, 3, '2024-10-09', '2024-10-22', 0);
INSERT INTO course_detail (course_detail_id, course_id, enroll_start_date, enroll_end_date, enroll_count) VALUES  (15, 3, '2024-10-09', '2024-10-22', 0);
INSERT INTO course_detail (course_detail_id, course_id, enroll_start_date, enroll_end_date, enroll_count) VALUES  (16, 4, '2024-10-09', '2024-10-22', 0);
INSERT INTO course_detail (course_detail_id, course_id, enroll_start_date, enroll_end_date, enroll_count) VALUES  (17, 4, '2024-10-09', '2024-10-22', 0);
INSERT INTO course_detail (course_detail_id, course_id, enroll_start_date, enroll_end_date, enroll_count) VALUES  (18, 4, '2024-10-09', '2024-10-22', 0);
INSERT INTO course_detail (course_detail_id, course_id, enroll_start_date, enroll_end_date, enroll_count) VALUES  (19, 4, '2024-10-09', '2024-10-22', 0);
INSERT INTO course_detail (course_detail_id, course_id, enroll_start_date, enroll_end_date, enroll_count) VALUES  (20, 4, '2024-10-09', '2024-10-22', 0);
